场景路径,章节名称,scnbeventsAttachPropDescriptor,scnbeventsCameraClipDescriptor,scnbeventsChangeWorkEvent,scnbeventsSocketDescriptor,scnbeventsStopWorkEvent,scnbeventsVFXDurationEventDescriptor,scnbeventsVFXEventDescriptor,toolsAddIdleEventDescriptor,toolsAudioEventDescriptor,toolsChangeIdleAnimDescriptor,toolsDialogLineEventDescriptor,toolsLookAtAdvancedDescriptor,toolsLookAtDescriptor,toolsPlaySkAnimDescriptor
base\quest\testgym\meethanako.scenesolution,q115_00b_street_guard_movement,0,0,1,2,0,0,0,0,0,0,1,0,2,0
base\quest\testgym\meethanako.scenesolution,q115_00b_guard_02_nod,0,0,0,0,0,0,0,0,0,0,1,0,0,1
base\quest\testgym\meethanako.scenesolution,q115_00b_street_guard_to_hanako,0,0,0,2,0,0,2,0,0,2,2,0,1,1
base\quest\testgym\meethanako.scenesolution,q115_00b_08,0,0,0,1,0,0,0,0,0,0,1,2,0,1
base\quest\testgym\meethanako.scenesolution,q115_00b_street_guards_lookats,0,0,0,0,0,0,0,0,0,2,0,0,2,0
base\quest\testgym\meethanako.scenesolution,q115_00b_guard_02_moving_back,0,0,2,0,0,0,0,0,0,0,0,0,0,0
base\quest\testgym\meethanako.scenesolution,q115_00b_35_reset_placement_of_street_bodyguards,0,0,2,0,0,0,0,0,0,0,0,0,0,0
base\quest\testgym\meethanako.scenesolution,q115_00b_11,0,0,1,0,0,0,0,0,0,0,0,0,2,1
base\quest\testgym\meethanako.scenesolution,q115_00b_guards_scenespots,0,0,1,0,0,0,0,0,0,0,0,0,0,0
base\quest\testgym\meethanako.scenesolution,q115_00b_41,0,0,0,0,1,0,0,0,0,0,0,0,0,0
base\quest\testgym\meethanako.scenesolution,q115_00b_23,0,0,1,0,0,0,0,0,0,0,0,0,0,0
base\quest\testgym\meethanako.scenesolution,q115_00b_hanako_pose,0,0,1,2,0,0,0,0,0,0,0,0,0,0
base\quest\testgym\meethanako.scenesolution,q115_00b_hanako_greet,0,0,0,1,0,0,0,0,0,0,1,0,0,1
base\quest\testgym\meethanako.scenesolution,q115_00b_25,0,0,0,0,0,0,0,0,0,1,1,0,1,0
base\quest\testgym\meethanako.scenesolution,q115_00b_guard_01_lookat,0,0,1,0,0,0,0,0,0,0,0,0,1,0
base\quest\testgym\meethanako.scenesolution,q115_00b_greeting,0,0,0,1,0,0,0,0,0,0,1,0,0,0
base\quest\testgym\meethanako.scenesolution,q115_00b_player_bowing,0,0,0,1,0,0,0,0,0,0,0,0,1,1
base\quest\testgym\meethanako.scenesolution,q115_00b_johnny_idle_sitting_in_the_back,0,0,1,0,0,0,0,0,0,0,0,0,0,0
base\quest\testgym\meethanako.scenesolution,q115_00b_johnny_reaction,0,0,0,0,0,0,0,0,0,0,1,0,2,2
base\quest\testgym\meethanako.scenesolution,q115_00b_hanako_sama_faster,0,0,2,1,0,0,0,0,0,0,3,0,0,1
base\quest\testgym\meethanako.scenesolution,q115_00b_hanako_sama,0,0,1,1,0,0,0,0,0,0,3,0,0,1
base\quest\testgym\meethanako.scenesolution,q115_00b_NEW_about_yorinobu,0,0,2,1,0,0,0,0,0,2,5,0,2,3
base\quest\testgym\meethanako.scenesolution,q115_00b_family_answer,0,0,1,0,0,0,0,0,0,0,0,0,0,3
base\quest\testgym\meethanako.scenesolution,q115_00b_johnny_pissed,0,0,1,0,0,0,0,0,0,1,1,0,1,0
base\quest\testgym\meethanako.scenesolution,q115_00b_johnny_pissed_lookat_reaction,0,0,0,0,0,0,0,0,0,0,0,0,1,0
base\quest\testgym\meethanako.scenesolution,q115_00b_we_delta,0,0,0,0,0,0,0,0,0,0,1,0,0,0
base\quest\testgym\meethanako.scenesolution,q115_00b_relax_johnny,0,0,1,1,0,0,0,0,0,1,2,0,0,0
base\quest\testgym\meethanako.scenesolution,q115_00b_johnny_pissed_02,0,0,1,1,0,0,0,0,0,1,0,1,2,1
base\quest\testgym\meethanako.scenesolution,q115_00b_hanako_inital_pose2,0,0,1,0,0,0,0,0,0,1,0,0,1,0
base\quest\testgym\meethanako.scenesolution,q115_00b_262,0,0,0,0,1,0,0,0,0,0,0,0,0,0
base\quest\testgym\meethanako.scenesolution,q115_00b_no_love_for_corpo_01,0,0,1,0,0,0,0,0,0,1,2,0,0,0
base\quest\testgym\meethanako.scenesolution,q115_00b_time,0,0,0,1,0,0,0,0,0,0,1,0,0,1
base\quest\testgym\meethanako.scenesolution,q115_00b_shock,0,0,0,0,0,0,0,0,0,0,0,0,0,0
base\quest\testgym\meethanako.scenesolution,q115_00b_conclusion,0,0,2,0,0,0,0,0,0,0,3,0,4,4
base\quest\testgym\meethanako.scenesolution,q115_00b_power,0,0,0,0,0,0,0,0,0,0,1,0,0,0
base\quest\testgym\meethanako.scenesolution,q115_00b_family,0,0,0,0,0,0,0,0,0,0,1,0,0,0
base\quest\testgym\meethanako.scenesolution,q115_00b_corporation,0,0,0,0,0,0,0,0,0,0,1,0,0,0
base\quest\testgym\meethanako.scenesolution,q115_00b_dont_know,0,0,0,0,0,0,0,0,0,0,1,0,0,0
base\quest\testgym\meethanako.scenesolution,q115_00b_family_answer_01,0,0,1,1,0,0,0,0,0,0,1,0,0,3
base\quest\testgym\meethanako.scenesolution,q115_00b_hanako_beginning,0,0,1,1,0,0,0,0,0,0,4,0,2,3
base\quest\testgym\meethanako.scenesolution,q115_00b_ym mo,0,0,0,1,0,0,0,0,0,0,1,0,0,1
base\quest\testgym\meethanako.scenesolution,q115_00b_common_section,0,0,2,0,0,0,0,0,0,0,6,0,0,6
base\quest\testgym\meethanako.scenesolution,q115_00b_cut_to_the_chase,0,0,0,1,0,0,0,0,0,0,2,0,0,1
base\quest\testgym\meethanako.scenesolution,q115_00b_soulkiller_do_you_have,0,0,0,1,0,0,0,0,0,0,1,0,0,1
base\quest\testgym\meethanako.scenesolution,q115_00b_johnny_comment_02,0,0,0,0,0,0,0,0,0,0,1,0,0,1
base\quest\testgym\meethanako.scenesolution,q115_00b_let_me_hear,0,0,0,0,0,0,0,0,0,0,3,0,2,2
base\quest\testgym\meethanako.scenesolution,q115_00b_hanako_nervous,0,0,2,1,0,0,0,0,0,0,5,0,0,5
base\quest\testgym\meethanako.scenesolution,q115_00b_what_do_u_mean,0,0,1,0,0,0,0,0,0,0,3,0,0,4
base\quest\testgym\meethanako.scenesolution,q115_00b_angry_mean,0,0,1,0,0,0,0,0,0,2,3,0,0,4
base\quest\testgym\meethanako.scenesolution,q115_00b_mikoshi,2,0,3,6,0,0,2,0,0,2,5,0,2,4
base\quest\testgym\meethanako.scenesolution,q115_00b_36,0,0,1,0,0,0,0,0,0,0,0,0,0,0
base\quest\testgym\meethanako.scenesolution,q115_00b_johnny_comment_03,0,0,0,2,0,0,0,0,0,1,1,0,2,1
base\quest\testgym\meethanako.scenesolution,q115_00b_shut_up_johnny,0,0,0,0,0,0,0,0,0,0,1,0,1,0
base\quest\testgym\meethanako.scenesolution,q115_00b_disturbing_conlusion,0,0,2,2,0,0,0,0,0,0,0,0,2,1
base\quest\testgym\meethanako.scenesolution,q115_00b_stopping_scenespots,1,0,3,1,0,0,0,0,0,0,0,0,0,1
base\quest\testgym\meethanako.scenesolution,q115_00b_mikoshi_go_one,0,0,0,1,0,0,0,0,0,0,2,0,0,0
base\quest\testgym\meethanako.scenesolution,q115_00b_mikoshi_how_is_that,0,0,0,1,0,0,0,0,0,0,1,0,0,0
base\quest\testgym\meethanako.scenesolution,q115_00b_hanako_drinking,2,0,0,0,0,0,3,0,0,1,0,0,0,2
base\quest\testgym\meethanako.scenesolution,q115_00b_my_brother,0,0,0,2,0,0,0,0,0,1,2,0,1,0
base\quest\testgym\meethanako.scenesolution,q115_00b_player_sitting_animation,0,1,1,0,0,0,0,0,0,0,0,0,0,0
base\quest\testgym\meethanako.scenesolution,TestSectionConOne,0,0,0,0,0,0,0,0,0,0,0,0,0,1
base\quest\testgym\meethanako.scenesolution,TestSectionConTwo,0,0,1,0,0,0,0,0,0,0,0,0,0,0
base\quest\testgym\meethanako.scenesolution,q115_00b_johnny_comment_04,0,0,0,1,0,0,0,0,0,1,1,0,2,1
base\quest\testgym\meethanako.scenesolution,lookat_01,0,0,0,0,0,0,0,0,0,0,0,0,1,0
base\quest\testgym\meethanako.scenesolution,lookat_02,0,0,0,0,0,0,0,0,0,0,0,0,1,0
base\quest\testgym\meethanako.scenesolution,q115_00b_lookat_03,0,0,0,0,0,0,0,0,0,0,0,0,1,0
base\quest\testgym\meethanako.scenesolution,facial_animation_01,0,0,0,0,0,0,0,0,0,0,0,0,0,1
base\quest\testgym\meethanako.scenesolution,facial_animation_02,0,0,0,0,0,0,0,0,0,0,0,0,0,1
base\quest\testgym\meethanako.scenesolution,facial_animation_03,0,0,0,0,0,0,0,0,0,0,0,0,0,1
base\quest\testgym\meethanako.scenesolution,q115_00b_35,0,0,1,0,0,0,0,0,0,0,0,0,0,0
base\quest\testgym\meethanako.scenesolution,q115_00b_kill_brother,0,0,0,1,0,0,0,0,0,0,2,0,0,1
base\quest\testgym\meethanako.scenesolution,q115_00b_business_of_arasakas,0,0,0,1,0,0,0,0,0,1,2,0,1,2
base\quest\testgym\meethanako.scenesolution,q115_00b_what_hanako,0,0,0,1,0,0,0,0,0,0,4,0,2,3
base\quest\testgym\meethanako.scenesolution,q115_00b_v_drinking,2,0,1,3,0,0,2,0,0,0,1,0,2,0
base\quest\testgym\meethanako.scenesolution,q115_00b_hanako_conclusion,2,0,2,1,1,0,0,0,0,3,9,0,12,6
base\quest\testgym\meethanako.scenesolution,q115_00b_17,0,0,1,0,0,0,0,0,0,0,0,0,0,0
base\quest\testgym\meethanako.scenesolution,q115_00b_40,0,0,1,0,1,0,0,0,0,0,0,0,0,0
base\quest\testgym\meethanako.scenesolution,q115_00b_22,0,0,1,0,0,0,0,0,0,0,0,0,0,0
base\quest\testgym\meethanako.scenesolution,q115_00b_good_offert,0,0,1,4,0,0,0,0,0,1,3,0,1,4
base\quest\testgym\meethanako.scenesolution,q115_00b_rather_not_offert,0,0,1,3,0,0,0,0,0,1,4,0,0,3
base\quest\testgym\meethanako.scenesolution,q115_00b_nervous_johnny,0,0,2,1,1,0,2,0,0,1,5,0,0,2
base\quest\testgym\meethanako.scenesolution,q115_00b_furious_johnny,2,0,5,1,1,0,1,0,0,1,5,0,2,2
base\quest\testgym\meethanako.scenesolution,q115_00b_johnny_sickness_lvl1_play,0,0,0,1,0,0,0,0,0,0,1,0,0,0
base\quest\testgym\meethanako.scenesolution,q115_00b_johnny_sickness_lvl1_break,0,0,0,1,0,0,0,0,0,0,1,0,0,0
base\quest\testgym\meethanako.scenesolution,q115_00b_johnny_sickness_lvl2_play,0,0,0,1,0,0,0,0,0,0,1,0,0,0
base\quest\testgym\meethanako.scenesolution,q115_00b_guard_02_backtopose,0,0,2,0,0,0,0,0,0,2,0,0,2,0
base\quest\testgym\meethanako.scenesolution,q115_00b_v_is_fine,0,0,1,1,0,0,2,0,0,1,3,0,2,1
base\quest\testgym\meethanako.scenesolution,q115_00b_v_is_not_good,0,0,1,1,0,0,2,1,0,1,3,0,2,1
base\quest\testgym\meethanako.scenesolution,q115_00b_angry_johnny,0,1,1,0,1,0,2,0,0,1,5,0,0,2
base\quest\testgym\meethanako.scenesolution,q115_00b_hanako_power_fluff,2,0,1,0,0,0,3,0,0,2,6,0,4,6
base\quest\testgym\meethanako.scenesolution,q115_00b_v_getting_out,0,0,0,1,0,0,0,0,0,1,2,0,0,1
base\quest\testgym\meethanako.scenesolution,q115_00b_18,0,0,0,0,1,0,0,0,0,0,0,0,0,0
base\quest\testgym\meethanako.scenesolution,q115_00b_v_getting_from_the_bar,0,0,0,0,0,0,1,0,0,0,1,0,0,0
base\quest\testgym\meethanako.scenesolution,q115_00b_v_getting_from_the_bar_2,0,0,0,0,0,0,1,0,0,0,1,0,0,0
base\quest\testgym\meethanako.scenesolution,q115_00b_19,0,0,1,0,0,0,0,0,0,0,0,0,1,0
base\quest\testgym\meethanako.scenesolution,q115_00b_28,0,1,0,0,0,0,0,0,0,0,0,0,0,0
base\quest\testgym\meethanako.scenesolution,q115_00b_28_01,0,1,0,0,0,0,0,0,0,0,0,0,0,0
base\quest\testgym\meethanako.scenesolution,q115_00b_27,0,0,1,0,0,0,1,0,0,0,0,0,0,0
base\quest\testgym\meethanako.scenesolution,q115_00b_v_getting_from_the_bar_animation,0,2,0,4,1,0,0,0,0,1,0,0,0,1
base\quest\testgym\meethanako.scenesolution,q115_00b_leave_restaurant,0,0,0,1,0,0,0,0,0,0,1,0,0,0
base\quest\testgym\meethanako.scenesolution,q115_00b_inside_fluff,0,0,0,0,0,0,0,0,0,2,5,0,1,2
base\quest\testgym\meethanako.scenesolution,q115_00b_johnny_walking_into_frame_02,1,0,1,0,0,0,0,0,0,0,0,0,1,0
base\quest\testgym\meethanako.scenesolution,q115_00b_09,0,0,1,0,0,0,0,0,0,0,0,0,0,0
base\quest\testgym\meethanako.scenesolution,q115_00b_as_hanako_wish,0,0,0,0,0,0,0,0,0,0,1,0,0,0
base\quest\testgym\meethanako.scenesolution,q115_00b_v_doesnt_get_it,0,0,0,0,0,0,0,0,0,1,1,0,0,1
base\quest\testgym\meethanako.scenesolution,q115_00b_blue_about_hanako,0,0,0,3,0,0,3,0,0,0,4,0,1,4
base\quest\testgym\meethanako.scenesolution,q115_00b_power_conclusion,0,0,1,1,0,0,0,0,0,1,1,0,0,0
base\quest\testgym\meethanako.scenesolution,q115_00b_eye_glow,0,0,0,0,0,0,0,0,0,0,0,0,0,0
base\quest\testgym\meethanako.scenesolution,q115_00b_guard_01_ending_scenespot,0,0,2,0,0,0,0,0,0,0,0,0,0,0
base\quest\testgym\meethanako.scenesolution,q115_00b_15,0,0,0,0,2,0,0,0,0,0,0,0,0,0
base\quest\testgym\meethanako.scenesolution,q115_00b_37,0,0,1,0,0,0,0,0,0,0,0,0,0,0
base\quest\testgym\meethanako.scenesolution,q115_00b_38,0,0,1,0,0,0,0,0,0,0,0,0,0,0
base\quest\testgym\meethanako.scenesolution,q115_00b_hanako_sit,0,0,0,0,0,0,0,0,0,0,1,0,1,0
base\quest\testgym\meethanako.scenesolution,q115_00b_reminder_sit,0,0,0,0,0,0,0,0,0,0,1,0,0,0
base\quest\testgym\meethanako.scenesolution,q115_00b_reminder_help,0,0,0,0,0,0,0,0,0,0,1,0,0,0
base\quest\testgym\meethanako.scenesolution,q115_00b_reminder_dont_speak,0,0,0,0,0,0,0,0,0,0,0,0,0,0
base\quest\testgym\meethanako.scenesolution,02,0,0,0,0,0,0,0,0,0,0,0,0,0,0
base\quest\testgym\meethanako.scenesolution,q115_00b_guard_cheeky_move,0,0,2,0,0,0,0,0,0,0,0,0,0,0
base\quest\testgym\meethanako.scenesolution,q115_00b_hanako_getting_up,0,0,0,0,0,0,0,0,0,0,0,0,0,1
base\quest\testgym\meethanako.scenesolution,q115_00b_guard_to_hanako,0,0,2,0,1,0,0,0,0,0,0,0,2,0
base\quest\testgym\meethanako.scenesolution,q115_00b_hanako_by_the_window,0,0,1,0,0,0,0,0,0,0,0,0,1,0
base\quest\testgym\meethanako.scenesolution,q115_00b_stop_anim,0,0,0,0,0,0,0,0,0,0,0,0,0,1
base\quest\testgym\meethanako.scenesolution,q115_00b_30,0,0,0,0,1,0,0,0,0,0,0,0,0,0
base\quest\testgym\meethanako.scenesolution,q115_00b_33,0,0,1,0,0,0,0,0,0,0,0,0,0,0
base\quest\testgym\meethanako.scenesolution,q115_00b_johnny_walking_into_frame,0,0,1,0,0,0,0,0,0,0,0,0,0,0
base\quest\testgym\meethanako.scenesolution,q115_00b_player_cough,0,0,0,0,0,1,0,0,0,0,0,0,0,1
base\quest\testgym\meethanako.scenesolution,q115_00b_31,0,0,0,0,1,0,0,0,0,0,0,0,0,0
base\quest\testgym\meethanako.scenesolution,q115_00b_32,0,0,1,0,0,0,0,0,0,0,0,0,0,0
base\quest\testgym\meethanako.scenesolution,q115_00b_guards,0,0,0,0,0,0,0,0,0,0,1,0,0,0
base\quest\testgym\meethanako.scenesolution,q115_00b_,0,0,0,0,0,0,0,0,0,0,0,0,2,1
base\quest\testgym\meethanako.scenesolution,q115_00b_guard_02_to_stand_hands_back,0,0,1,0,0,0,0,0,0,0,0,0,0,0
base\quest\testgym\meethanako.scenesolution,q115_00b_AV_sfx,0,0,0,0,0,0,0,0,1,0,1,0,0,0
base\quest\testgym\meethanako.scenesolution,q115_00b_12,0,0,0,0,0,0,0,0,0,0,1,0,0,1
base\quest\testgym\meethanako.scenesolution,q115_00b_johnny_hand_disappear_elevator,0,0,0,0,0,0,0,0,0,0,0,0,0,0
base\quest\testgym\meethanako.scenesolution,q115_00b_39,0,0,1,0,0,0,0,0,0,0,0,0,0,0
base\quest\testgym\meethanako.scenesolution,q115_00b_AV_sfx,0,0,0,0,0,0,0,0,1,0,1,0,0,0
base\quest\testgym\meethanako.scenesolution,q115_00b_hanako_sitting_idle,0,0,1,0,0,0,0,0,0,0,0,0,0,0
base\quest\testgym\meethanako.scenesolution,q115_00b_johnny_restaurant_crew_comment,0,0,0,0,0,0,0,0,0,0,1,0,2,0
base\quest\testgym\meethanako.scenesolution,q115_00b_johnny_by_the_stairs,0,0,1,0,0,0,0,0,0,0,1,0,0,0
base\quest\testgym\meethanako.scenesolution,q115_00b_guard_animations,0,0,1,0,0,0,0,0,0,2,1,0,1,0
base\quest\testgym\meethanako.scenesolution,q115_00b_29,0,0,0,0,0,0,0,0,0,0,0,0,0,0
base\quest\testgym\meethanako.scenesolution,q115_00b_johnny_hand_appear_elevator,0,0,0,0,0,0,0,0,0,0,0,0,0,0
base\quest\testgym\meethanako.scenesolution,sadasdad,0,0,2,0,0,0,0,0,0,0,0,0,0,0
base\quest\testgym\q115_00b_hanako.scenesolution,q115_00b_guards,0,0,0,1,0,0,0,0,0,0,1,0,0,0
base\quest\testgym\q115_00b_hanako.scenesolution,q115_00b_leave_restaurant,0,0,0,1,0,0,1,0,0,0,1,0,0,0
base\quest\testgym\q115_00b_hanako.scenesolution,q115_00b_hanako_beginning,0,0,1,1,0,0,0,0,0,0,4,0,2,3
base\quest\testgym\q115_00b_hanako.scenesolution,q115_00b_furious_johnny,2,0,5,2,1,0,2,0,0,1,5,0,5,2
base\quest\testgym\q115_00b_hanako.scenesolution,q115_00b_angry_johnny,0,1,2,0,1,0,2,0,0,0,5,0,0,2
base\quest\testgym\q115_00b_hanako.scenesolution,q115_00b_nervous_johnny,0,1,2,1,1,0,3,0,0,1,5,0,0,2
base\quest\testgym\q115_00b_hanako.scenesolution,q115_00b_v_is_fine,0,1,1,1,0,0,2,0,0,1,3,0,2,1
base\quest\testgym\q115_00b_hanako.scenesolution,q115_00b_v_is_not_good,0,1,1,1,0,0,2,0,0,1,3,0,2,1
base\quest\testgym\q115_00b_hanako.scenesolution,q115_00b_mikoshi,2,0,3,6,0,0,2,0,0,2,5,0,3,4
base\quest\testgym\q115_00b_hanako.scenesolution,q115_00b_mikoshi_go_one,0,0,0,1,0,0,0,0,0,0,2,0,0,0
base\quest\testgym\q115_00b_hanako.scenesolution,q115_00b_mikoshi_how_is_that,0,0,0,1,0,0,0,0,0,0,1,0,0,0
base\quest\testgym\q115_00b_hanako.scenesolution,q115_00b_my_brother,0,0,0,2,0,0,0,0,0,1,2,0,1,0
base\quest\testgym\q115_00b_hanako.scenesolution,q115_00b_hanako_greet,0,0,0,1,0,0,0,0,0,0,1,0,0,1
base\quest\testgym\q115_00b_hanako.scenesolution,q115_00b_hanako_nervous,0,0,2,1,0,0,0,0,0,2,5,0,0,5
base\quest\testgym\q115_00b_hanako.scenesolution,q115_00b_what_hanako,0,0,0,1,0,0,0,0,0,0,4,0,2,3
base\quest\testgym\q115_00b_hanako.scenesolution,q115_00b_business_of_arasakas,0,0,0,1,0,0,0,0,0,1,2,0,1,2
base\quest\testgym\q115_00b_hanako.scenesolution,q115_00b_rather_not_offert,0,0,1,3,0,0,0,0,0,1,4,0,0,4
base\quest\testgym\q115_00b_hanako.scenesolution,q115_00b_kill_brother,0,0,0,1,0,0,0,0,0,0,2,0,0,1
base\quest\testgym\q115_00b_hanako.scenesolution,q115_00b_good_offert,0,0,1,4,0,0,0,0,0,1,3,0,2,4
base\quest\testgym\q115_00b_hanako.scenesolution,q115_00b_hanako_conclusion,2,0,2,5,1,0,0,0,0,3,9,0,14,12
base\quest\testgym\q115_00b_hanako.scenesolution,q115_00b_inside_fluff,0,0,0,1,0,0,0,0,0,2,5,0,1,2
base\quest\testgym\q115_00b_hanako.scenesolution,q115_00b_hanako_power_fluff,2,0,1,0,0,0,3,0,0,2,6,0,4,7
base\quest\testgym\q115_00b_hanako.scenesolution,q115_00b_v_getting_out,0,0,0,1,0,0,0,0,0,1,2,0,0,1
base\quest\testgym\q115_00b_hanako.scenesolution,q115_00b_let_me_hear,0,0,0,1,0,0,0,0,0,0,3,0,2,2
base\quest\testgym\q115_00b_hanako.scenesolution,q115_00b_v_doesnt_get_it,0,0,0,0,0,0,0,0,0,1,2,0,0,1
base\quest\testgym\q115_00b_hanako.scenesolution,q115_00b_as_hanako_wish,0,0,0,0,0,0,0,0,0,0,1,0,0,0
base\quest\testgym\q115_00b_hanako.scenesolution,q115_00b_blue_about_hanako,2,0,1,3,0,0,3,0,0,0,4,0,1,6
base\quest\testgym\q115_00b_hanako.scenesolution,q115_00b_shut_up_johnny,0,0,0,1,0,0,0,0,0,0,1,0,1,0
base\quest\testgym\q115_00b_hanako.scenesolution,q115_00b_what_do_u_mean,0,0,1,1,0,0,0,0,0,2,3,0,0,4
base\quest\testgym\q115_00b_hanako.scenesolution,q115_00b_angry_mean,0,0,1,1,0,0,0,0,0,2,3,0,0,4
base\quest\testgym\q115_00b_hanako.scenesolution,q115_00b_disturbing_conlusion,0,0,2,2,0,0,0,0,0,0,1,0,2,1
base\quest\testgym\q115_00b_hanako.scenesolution,q115_00b_johnny_pissed,0,0,1,1,0,0,0,0,0,1,1,0,1,0
base\quest\testgym\q115_00b_hanako.scenesolution,q115_00b_waitress,0,0,0,0,0,0,0,0,0,0,1,0,0,2
base\quest\testgym\q115_00b_hanako.scenesolution,q115_00b_hanako_inital_pose,0,0,1,0,0,0,0,0,0,1,1,0,2,0
base\quest\testgym\q115_00b_hanako.scenesolution,q115_00b_johnny_comment_02,0,0,0,1,0,0,0,0,0,0,1,0,2,1
base\quest\testgym\q115_00b_hanako.scenesolution,q115_00b_johnny_comment_03,0,0,0,2,0,0,0,0,0,1,1,0,2,1
base\quest\testgym\q115_00b_hanako.scenesolution,q115_00b_johnny_comment_04,0,0,0,1,0,0,0,0,0,1,1,0,2,1
base\quest\testgym\q115_00b_hanako.scenesolution,q115_00b_hanako_sama,0,0,1,1,0,0,0,0,0,0,3,0,0,1
base\quest\testgym\q115_00b_hanako.scenesolution,q115_00b_johnny_reaction,0,0,0,0,0,0,0,0,0,0,1,0,2,2
base\quest\testgym\q115_00b_hanako.scenesolution,q115_00b_greeting,0,0,0,1,0,0,0,0,0,0,1,0,0,0
base\quest\testgym\q115_00b_hanako.scenesolution,q115_00b_power_conclusion,0,0,1,1,0,0,0,0,0,1,1,0,0,0
base\quest\testgym\q115_00b_hanako.scenesolution,q115_00b_johnny_pissed_02,0,0,1,1,0,0,0,0,0,1,1,0,2,1
base\quest\testgym\q115_00b_hanako.scenesolution,q115_00b_johnny_pissed_lookat_reaction,0,0,0,1,0,0,0,0,0,0,1,0,1,0
base\quest\testgym\q115_00b_hanako.scenesolution,q115_00b_johnny_restaurant_crew_comment,0,0,0,0,0,0,0,0,0,0,1,0,2,0
base\quest\testgym\q115_00b_hanako.scenesolution,q115_00b_relax_johnny,0,0,1,0,0,0,0,0,0,1,1,0,2,1
base\quest\testgym\q115_00b_hanako.scenesolution,q115_00b_no_love_for_corpo,0,0,1,1,0,0,0,0,0,1,2,0,0,0
base\quest\testgym\q115_00b_hanako.scenesolution,q115_00b_v_drinking,2,0,1,3,0,0,2,0,0,0,1,0,2,0
base\quest\testgym\q115_00b_hanako.scenesolution,q115_00b_v_getting_from_the_bar,0,0,0,0,0,0,1,0,0,0,1,0,0,0
base\quest\testgym\q115_00b_hanako.scenesolution,q115_00b_v_getting_from_the_bar_2,0,0,0,0,0,0,1,0,0,0,1,0,0,0
base\quest\testgym\q115_00b_hanako.scenesolution,q115_00b_player_sitting_animation,2,1,1,0,0,0,0,0,0,0,1,0,0,0
base\quest\testgym\q115_00b_hanako.scenesolution,q115_00b_street_guards_lookats,0,0,0,0,0,0,0,0,0,2,1,0,2,0
base\quest\testgym\q115_00b_hanako.scenesolution,q115_00b_street_guard_movement,0,0,1,2,0,0,0,0,0,0,1,0,2,0
base\quest\testgym\q115_00b_hanako.scenesolution,q115_00b_johnny_walking_into_frame,0,0,1,1,0,0,1,0,0,0,1,0,0,0
base\quest\testgym\q115_00b_hanako.scenesolution,q115_00b_johnny_walking_into_frame_02,1,0,1,0,0,0,0,0,0,0,1,0,1,0
base\quest\testgym\q115_00b_hanako.scenesolution,q115_00b_guard_02_nod,0,0,0,0,0,0,0,0,0,0,1,0,0,1
base\quest\testgym\q115_00b_hanako.scenesolution,q115_00b_johnny_idle_sitting_in_the_back,0,0,1,0,0,0,0,0,0,0,1,0,0,0
base\quest\testgym\q115_00b_hanako.scenesolution,q115_00b_street_guard_to_hanako,0,0,0,2,0,0,2,0,0,2,2,0,1,1
base\quest\testgym\q115_00b_hanako.scenesolution,q115_00b_v_getting_from_the_bar_animation,0,2,0,4,1,0,2,0,0,1,1,0,0,1
base\quest\testgym\q115_00b_hanako.scenesolution,q115_00b_hanako_drinking,2,0,0,0,0,0,3,0,0,1,1,0,0,2
base\quest\testgym\q115_00b_hanako.scenesolution,q115_00b_stopping_scenespots,1,0,3,0,0,0,0,0,0,0,1,0,0,1
base\quest\testgym\q115_00b_hanako.scenesolution,q115_00b_08,0,0,0,1,0,0,0,0,0,0,1,2,0,1
base\quest\testgym\q115_00b_hanako.scenesolution,q115_00b_guard_01_lookat,0,0,0,0,0,0,0,0,0,0,1,0,1,0
base\quest\testgym\q115_00b_hanako.scenesolution,q115_00b_guard_animations,0,0,1,0,0,0,0,0,0,2,1,0,1,0
base\quest\testgym\q115_00b_hanako.scenesolution,q115_00b_09,0,0,1,0,0,0,0,0,0,0,0,0,0,0
base\quest\testgym\q115_00b_hanako.scenesolution,q115_00b_guard_02_moving_back,0,0,2,0,0,0,0,0,0,0,1,0,0,0
base\quest\testgym\q115_00b_hanako.scenesolution,q115_00b_guard_02_to_stand_hands_back,0,0,1,0,0,0,0,0,0,0,1,0,0,0
base\quest\testgym\q115_00b_hanako.scenesolution,q115_00b_AV_sfx,0,0,0,0,0,0,0,0,1,0,1,0,0,0
base\quest\testgym\q115_00b_hanako.scenesolution,q115_00b_guard_02_ending_scenespot,0,0,1,0,0,0,0,0,0,0,1,0,0,0
base\quest\testgym\q115_00b_hanako.scenesolution,q115_00b_guard_01_ending_scenespot,0,0,2,0,0,0,0,0,0,0,1,0,0,0
base\quest\testgym\q115_00b_hanako.scenesolution,q115_00b_guard_02_backtopose,0,0,2,0,0,0,0,0,0,2,1,0,2,0
base\quest\testgym\q115_00b_hanako.scenesolution,q115_00b_hanako_pose,0,0,1,2,0,0,0,0,0,0,1,0,0,0
base\quest\testgym\q115_00b_hanako.scenesolution,q115_00b_johnny_by_the_stairs,0,0,1,0,0,0,0,0,0,0,1,0,0,0
base\quest\testgym\q115_00b_hanako.scenesolution,q115_00b_hanako_getting_up,0,0,0,0,0,0,0,0,0,0,1,0,0,1
base\quest\testgym\q115_00b_hanako.scenesolution,q115_00b_hanako_by_the_window,0,0,1,0,0,0,0,0,0,0,1,0,1,0
base\quest\testgym\q115_00b_hanako.scenesolution,q115_00b_guards_scenespots,0,0,1,0,0,0,0,0,0,0,1,0,0,0
base\quest\testgym\q115_00b_hanako.scenesolution,q115_00b_11,0,0,1,0,0,0,0,0,0,0,1,0,2,1
base\quest\testgym\q115_00b_hanako.scenesolution,q115_00b_12,0,0,0,0,0,0,0,0,0,0,1,0,0,1
base\quest\testgym\q115_00b_hanako.scenesolution,q115_00b_johnny_sickness_lvl2_play,0,0,0,1,0,0,0,0,0,0,1,0,0,0
base\quest\testgym\q115_00b_hanako.scenesolution,q115_00b_johnny_sickness_lvl1_play,0,0,0,1,0,0,0,0,0,0,1,0,0,0
base\quest\testgym\q115_00b_hanako.scenesolution,q115_00b_johnny_sickness_lvl1_break,0,0,0,1,0,0,0,0,0,0,1,0,0,0
base\quest\testgym\q115_00b_hanako.scenesolution,q115_00b_jackie_revealed,0,0,0,0,0,0,0,0,0,0,2,0,0,0
base\quest\testgym\q115_00b_hanako.scenesolution,q115_00b_jackie_how,0,0,0,0,0,0,0,0,0,0,4,0,0,0
base\quest\testgym\q115_00b_hanako.scenesolution,q115_00b_lie,0,0,0,0,0,0,0,0,0,0,3,0,0,0
base\quest\testgym\q115_00b_hanako.scenesolution,q115_00b_talk_jackie,0,0,0,0,0,0,0,0,0,0,3,0,0,0
base\quest\testgym\q115_00b_hanako.scenesolution,q115_00b_NEW_about_yorinobu,0,0,2,1,0,0,0,0,0,2,5,0,4,2
base\quest\testgym\q115_00b_hanako.scenesolution,q115_00b_time,0,0,0,1,0,0,0,0,0,0,1,0,0,1
base\quest\testgym\q115_00b_hanako.scenesolution,q115_00b_shock,0,0,1,0,0,0,0,0,0,0,2,0,0,2
base\quest\testgym\q115_00b_hanako.scenesolution,q115_00b_conclusion,0,0,2,1,0,0,0,0,0,0,3,0,5,5
base\quest\testgym\q115_00b_hanako.scenesolution,q115_00b_power,0,0,0,1,0,0,0,0,0,0,1,0,0,1
base\quest\testgym\q115_00b_hanako.scenesolution,q115_00b_family,0,0,1,1,0,0,0,0,0,0,2,0,0,2
base\quest\testgym\q115_00b_hanako.scenesolution,q115_00b_corporation,0,0,0,0,0,0,0,0,0,0,1,0,0,0
base\quest\testgym\q115_00b_hanako.scenesolution,q115_00b_dont_know,0,0,0,1,0,0,0,0,0,0,1,0,0,1
base\quest\testgym\q115_00b_hanako.scenesolution,q115_00b_family_answer,0,0,1,1,0,0,0,0,0,0,1,0,0,3
base\quest\testgym\q115_00b_hanako.scenesolution,q115_00b_ym mo,0,0,0,1,0,0,0,0,0,0,1,0,0,1
base\quest\testgym\q115_00b_hanako.scenesolution,q115_00b_cut_to_the_chase,0,0,0,1,0,0,0,0,0,0,2,0,1,1
base\quest\testgym\q115_00b_hanako.scenesolution,q115_00b_common_section,0,0,2,0,0,0,0,0,0,0,6,0,0,6
base\quest\testgym\q115_00b_hanako.scenesolution,q115_00b_soulkiller_do_you_have,0,0,0,1,0,0,0,0,0,0,1,0,0,1
base\quest\testgym\q115_00b_hanako.scenesolution,q115_00b_waitress_bow,0,0,0,0,0,0,0,0,0,0,0,0,6,2
base\quest\testgym\q115_00b_hanako.scenesolution,q115_00b_guard_to_hanako,0,0,2,0,1,0,0,0,0,0,0,0,2,0
base\quest\testgym\q115_00b_hanako.scenesolution,q115_00b_guard_cheeky_move,0,0,1,0,0,0,0,0,0,0,0,0,0,0
base\quest\testgym\q115_00b_hanako.scenesolution,q115_00b_block_door_anim,0,0,1,1,0,0,1,0,0,0,0,0,0,0
base\quest\testgym\q115_00b_hanako.scenesolution,q115_00b_15,0,0,0,0,1,0,0,0,0,0,0,0,0,0
base\quest\testgym\q115_00b_hanako.scenesolution,q115_00b_eye_glow,0,0,0,1,0,0,2,0,0,0,0,0,0,0
base\quest\testgym\q115_00b_hanako.scenesolution,q115_00b_stop_anim,0,0,0,0,0,0,0,0,0,0,0,0,0,1
base\quest\testgym\q115_00b_hanako.scenesolution,q115_00b_AV_sfx,0,0,0,0,0,0,0,0,1,0,1,0,0,0
base\quest\testgym\q115_00b_hanako.scenesolution,q115_00b_hanako_sitting_idle,0,0,1,0,0,0,0,0,0,0,0,0,0,0
base\quest\testgym\q115_00b_hanako.scenesolution,q115_00b_hanako_sitting_idle,0,0,1,0,0,0,0,0,0,0,0,0,0,0
base\quest\testgym\q115_00b_hanako.scenesolution,q115_00b_player_cough,0,0,0,0,0,1,0,0,1,0,0,0,0,1
base\quest\testgym\q115_00b_hanako.scenesolution,q115_00b_,0,0,0,0,0,0,0,0,0,0,0,0,2,1
base\quest\testgym\q115_00b_hanako.scenesolution,q115_00b_hanako_pose_preview,0,0,1,0,0,0,0,0,0,0,1,0,1,0
base\quest\testgym\q115_00b_hanako.scenesolution,q115_00b_17,0,0,1,0,0,0,0,0,0,0,0,0,0,0
base\quest\testgym\q115_00b_hanako.scenesolution,q115_00b_18,0,0,0,0,1,0,0,0,0,0,0,0,0,0
base\quest\testgym\q115_00b_hanako.scenesolution,q115_00b_19,0,0,1,0,0,0,0,0,0,0,0,0,1,0
base\quest\testgym\q115_00b_hanako.scenesolution,q115_00b_we_delta,0,0,0,0,0,0,0,0,0,0,1,0,0,0
base\quest\testgym\q115_00b_hanako.scenesolution,q115_00b_20,0,0,0,0,0,0,0,0,0,0,0,0,0,0
base\quest\testgym\q115_00b_hanako.scenesolution,q115_00b_reminder_sit,0,0,0,0,0,0,0,0,0,0,1,0,0,0
base\quest\testgym\q115_00b_hanako.scenesolution,q115_00b_reminder_help,0,0,0,0,0,0,0,0,0,0,1,0,0,0
base\quest\testgym\q115_00b_hanako.scenesolution,q115_00b_reminder_dont_speak,0,0,0,0,0,0,0,0,0,0,1,0,0,0
base\quest\testgym\q115_00b_hanako.scenesolution,q115_00b_22,0,0,1,0,0,0,0,0,0,0,0,0,0,0
base\quest\testgym\q115_00b_hanako.scenesolution,lookat_01,0,0,0,0,0,0,0,0,0,0,0,0,1,0
base\quest\testgym\q115_00b_hanako.scenesolution,lookat_02,0,0,0,0,0,0,0,0,0,0,0,0,1,0
base\quest\testgym\q115_00b_hanako.scenesolution,facial_animation_01,0,0,0,0,0,0,0,0,0,0,0,0,0,1
base\quest\testgym\q115_00b_hanako.scenesolution,facial_animation_02,0,0,0,0,0,0,0,0,0,0,0,0,0,1
base\quest\testgym\q115_00b_hanako.scenesolution,facial_animation_03,0,0,0,0,0,0,0,0,0,0,0,0,0,1
base\quest\testgym\q115_00b_hanako.scenesolution,q115_00b_lookat_03,0,0,0,0,0,0,0,0,0,0,0,0,1,0
base\quest\testgym\q115_00b_hanako.scenesolution,q115_00b_23,0,0,1,0,0,0,0,0,0,0,0,0,0,0
base\quest\testgym\q115_00b_hanako.scenesolution,q115_00b_24,0,0,0,0,1,0,0,0,0,0,0,0,0,0
base\quest\testgym\q115_00b_hanako.scenesolution,q115_00b_24,0,0,0,0,0,0,0,0,0,0,0,0,0,0
base\quest\testgym\q115_00b_hanako.scenesolution,q115_00b_25,0,0,0,0,0,0,0,0,0,1,0,0,1,0
base\quest\testgym\q115_00b_hanako.scenesolution,q115_00b_player_bowing,0,0,0,1,0,0,0,0,0,0,0,0,0,1
base\quest\testgym\q115_00b_hanako.scenesolution,q115_00b_26,0,0,0,0,1,0,0,0,0,0,0,0,0,0
base\quest\testgym\q115_00b_hanako.scenesolution,q115_00b_hanako_sama_faster,0,0,1,1,0,0,0,0,0,0,3,0,0,1
base\quest\testgym\q115_00b_hanako.scenesolution,q115_00b_johnny_by_the_bar,0,0,1,0,0,0,0,0,0,0,0,0,0,0
base\quest\testgym\q115_00b_hanako.scenesolution,q115_00b_27,0,0,1,0,0,0,1,0,0,0,0,0,0,0
base\quest\testgym\q115_00b_hanako.scenesolution,q115_00b_hanako_sit,0,0,0,0,0,0,0,0,0,0,2,0,1,0
base\quest\testgym\q115_00b_hanako.scenesolution,q115_00b_28,0,1,0,0,0,0,0,0,0,0,0,0,0,0
base\quest\testgym\q115_00b_hanako.scenesolution,q115_00b_28,0,1,0,0,0,0,0,0,0,0,0,0,0,0
base\quest\testgym\q115_00b_hanako.scenesolution,q115_00b_29,0,0,0,0,0,0,0,0,0,0,0,0,0,0
base\quest\testgym\q115_00b_hanako.scenesolution,q115_00b_30,0,0,0,0,1,0,0,0,0,0,0,0,0,0
base\quest\testgym\q115_00b_hanako.scenesolution,q115_00b_31,0,0,0,0,1,0,0,0,0,0,0,0,0,0
base\quest\testgym\q115_00b_hanako.scenesolution,q115_00b_32,0,0,1,0,0,0,0,0,0,0,0,0,0,0
base\quest\testgym\q115_00b_hanako.scenesolution,q115_00b_33,0,0,1,0,0,0,0,0,0,0,0,0,0,0
base\quest\testgym\q115_00b_hanako.scenesolution,q115_00b_johnny_hand_appear_elevator,0,0,0,0,0,0,1,0,0,0,0,0,0,0
base\quest\testgym\q115_00b_hanako.scenesolution,q115_00b_35_reset_placement_of_street_bodyguards,0,0,2,0,0,0,0,0,0,0,0,0,0,0
base\quest\testgym\q115_00b_hanako.scenesolution,q115_00b_35,0,0,1,0,0,0,0,0,0,0,0,0,0,0
base\quest\testgym\q115_00b_hanako.scenesolution,q115_00b_johnny_hand_disappear_elevator,0,0,0,0,0,0,1,0,0,0,0,0,0,0
base\quest\testgym\q115_00b_hanako.scenesolution,q115_00b_johnny_hand_disappear_drink,0,0,0,0,0,0,1,0,0,0,0,0,0,0
base\quest\testgym\q115_00b_hanako.scenesolution,q115_00b_johnny_hand_appear_drink,0,0,0,0,0,0,1,0,0,0,0,0,0,0
base\quest\testgym\q115_00b_hanako.scenesolution,q115_00b_36,0,0,1,0,0,0,0,0,0,0,0,0,0,0
base\quest\testgym\q115_00b_hanako.scenesolution,q115_00b_37,0,0,1,0,0,0,0,0,0,0,0,0,0,0
base\quest\testgym\q115_00b_hanako.scenesolution,q115_00b_38,0,0,1,0,0,0,0,0,0,0,0,0,0,0
base\quest\testgym\q115_00b_hanako.scenesolution,q115_00b_39,0,0,1,0,0,0,0,0,0,0,0,0,0,0
base\quest\testgym\q115_00b_hanako.scenesolution,q115_00b_40,0,0,0,0,1,0,0,0,0,0,0,0,0,0
base\quest\testgym\q115_00b_hanako.scenesolution,q115_00b_41,0,0,0,0,1,0,0,0,0,0,0,0,0,0
