场景路径,工作点类型,工作点路径
base\quest\testgym\meethanako.scenesolution,外部,base\workspots\common\ground\generic__stand_ground__guard__01.workspot
base\quest\testgym\meethanako.scenesolution,外部,base\workspots\common\ground\bodyguard__stand_ground__2h_front__01.workspot
base\quest\testgym\meethanako.scenesolution,外部,base\workspots\common\ground\bodyguard__stand_ground__2h_back__01.workspot
base\quest\testgym\meethanako.scenesolution,外部,base\workspots\common\ground\big__stand__stand_around__01.workspot
base\quest\testgym\meethanako.scenesolution,外部,base\workspots\gym\ground\big__stand__cheer__03.workspot
base\quest\testgym\meethanako.scenesolution,外部,base\workspots\common\ground\generic__stand_ground__delamain__01.workspot
base\quest\testgym\meethanako.scenesolution,外部,base\workspots\main_characters\hanako\ground\hanako__stand_ground_piano__play__01.workspot
base\quest\testgym\meethanako.scenesolution,外部,base\workspots\quest\main_quests\part1\q103\q103_14_maelstroms\ssg01__stand__stand_around__01.workspot
base\quest\testgym\meethanako.scenesolution,外部,base\workspots\quest\main_quests\part1\q115\q115_00b_hanako\q115__hanako__stand_hand__holding__01.workspot
base\quest\testgym\meethanako.scenesolution,外部,base\workspots\main_characters\johnny\johnny__sit_chair_lean_back__sit_around__01.workspot
base\quest\testgym\meethanako.scenesolution,外部,base\workspots\main_characters\hanako\ground\hanako__stand_ground__stand_around__01.workspot
base\quest\testgym\meethanako.scenesolution,外部,base\workspots\quest\side_quests\sq031\sq031_05_grave\sq_031__johnny__stand_ground__stand_around__01.workspot
base\quest\testgym\meethanako.scenesolution,外部,base\workspots\main_characters\johnny\johnny__stand_ground__stand_around__01.workspot
base\quest\testgym\meethanako.scenesolution,外部,base\workspots\quest\main_quests\part1\q115\q115_00b_hanako\q115__hanako__sit_barstool_bar__sit_around__01.workspot
base\quest\testgym\meethanako.scenesolution,外部,base\workspots\main_characters\johnny\bar\johnny__stand_bar_lean_front__idle__01.workspot
base\quest\testgym\meethanako.scenesolution,外部,base\workspots\main_characters\johnny\ground\johnny__walk_ground_cigarette__aggressive__01.workspot
base\quest\testgym\meethanako.scenesolution,外部,base\workspots\player\bar\player__sit_barstool_bar_lean_left__sit_around__02.workspot
base\quest\testgym\meethanako.scenesolution,外部,base\workspots\common\bar_and_barstool\generic__sit_barstool_bar_lean_left__sit_around__01.workspot
base\quest\testgym\meethanako.scenesolution,外部,base\workspots\common\ground\bodyguard__stand_ground_pistol__alerted__01.workspot
base\quest\testgym\meethanako.scenesolution,外部,base\workspots\quest\main_quests\part1\q115\q115_00b_hanako\q115__player__sit_barstool_lean_left__sit_around__01.workspot
base\quest\testgym\meethanako.scenesolution,外部,base\workspots\main_characters\johnny\johnny__stand_ground_cigarette__idle__01.workspot
base\quest\testgym\meethanako.scenesolution,外部,base\workspots\common\bar\generic__stand_bar_lean_front__stand_around__04.workspot
base\quest\testgym\meethanako.scenesolution,外部,base\workspots\common\ground\generic__stand_ground__scared__01.workspot
base\quest\testgym\meethanako.scenesolution,外部,base\workspots\main_characters\judy\judy__stand_ground__stand_around__03.workspot
base\quest\testgym\meethanako.scenesolution,外部,base\workspots\bar\bar_and_barstool\generic__sit_barstool_bar__sit_around__01.workspot
base\quest\testgym\meethanako.scenesolution,外部,base\workspots\common\chair\generic__sit_chair_lean_front__sit_around__01.workspot
base\quest\testgym\meethanako.scenesolution,外部,base\workspots\archetype\corpo\corpo__stand_ground_phone__talk_nervous__01.workspot
base\quest\testgym\q115_00b_hanako.scenesolution,外部,base\workspots\common\ground\generic__stand_ground__guard__02.workspot
base\quest\testgym\q115_00b_hanako.scenesolution,外部,base\workspots\common\ground\generic__stand_ground__guard__01.workspot
base\quest\testgym\q115_00b_hanako.scenesolution,外部,base\workspots\main_characters\hanako\bar\hanako__sit_barstool_bar_lean_right__talk__01.workspot
base\quest\testgym\q115_00b_hanako.scenesolution,外部,base\workspots\main_characters\johnny\johnny__stand_ground__stand_around__01.workspot
base\quest\testgym\q115_00b_hanako.scenesolution,外部,base\workspots\common\ground\big__stand__stand_around__01.workspot
base\quest\testgym\q115_00b_hanako.scenesolution,外部,base\workspots\common\ground\generic__stand_ground__stand_around__01.workspot
base\quest\testgym\q115_00b_hanako.scenesolution,外部,base\workspots\common\ground\generic__stand_ground__stand_around__04.workspot
base\quest\testgym\q115_00b_hanako.scenesolution,外部,base\workspots\player\bar\player__sit_barstool_bar_lean_left__sit_around__02.workspot
base\quest\testgym\q115_00b_hanako.scenesolution,外部,base\workspots\player\bar\player__sit_barstool_bar_lean_left__sit_around__02.workspot
base\quest\testgym\q115_00b_hanako.scenesolution,外部,base\workspots\main_characters\johnny\bar\johnny__stand_bar_lean_front__idle__01.workspot
base\quest\testgym\q115_00b_hanako.scenesolution,外部,base\workspots\common\ground\big__stand__stand_around__01.workspot
base\quest\testgym\q115_00b_hanako.scenesolution,外部,base\workspots\quest\main_quests\part1\q110\q110_13_alt_intro\q110__johnny__stand_ground_cigarette__idle__01.workspot
base\quest\testgym\q115_00b_hanako.scenesolution,外部,base\workspots\common\ground\generic__stand_ground__bow0__01.workspot
base\quest\testgym\q115_00b_hanako.scenesolution,外部,base\workspots\common\ground\bodyguard__stand_ground__2h_back__01.workspot
base\quest\testgym\q115_00b_hanako.scenesolution,外部,base\workspots\common\ground\bodyguard__stand_ground__2h_front__01.workspot
base\quest\testgym\q115_00b_hanako.scenesolution,外部,base\workspots\main_characters\johnny\johnny__stand_ground_cigarette__idle__01.workspot
base\quest\testgym\q115_00b_hanako.scenesolution,外部,base\workspots\main_characters\johnny\ground\johnny__walk_ground_cigarette__aggressive__01.workspot
base\quest\testgym\q115_00b_hanako.scenesolution,外部,base\workspots\common\ground\bodyguard__stand_ground_pistol__alerted__01.workspot
base\quest\testgym\q115_00b_hanako.scenesolution,外部,base\workspots\common\bar\generic__stand_bar_lean_right__stand_around__01.workspot
base\quest\testgym\q115_00b_hanako.scenesolution,外部,base\workspots\common\ground\generic__stand_ground__look_at_products__01.workspot
base\quest\testgym\q115_00b_hanako.scenesolution,外部,base\workspots\main_characters\johnny\johnny__sit_table_lean_back__sit_around__01.workspot
base\quest\testgym\q115_00b_hanako.scenesolution,外部,base\workspots\main_characters\johnny\johnny__sit_chair_lean_front__sit_around__02.workspot
base\quest\testgym\q115_00b_hanako.scenesolution,外部,base\workspots\quest\main_quests\part1\q112\q112_08_parade_speech\hanako__stand_stage__sing__01.workspot
base\quest\testgym\q115_00b_hanako.scenesolution,外部,base\workspots\routine\routine__stand_ground.workspot
base\quest\testgym\q115_00b_hanako.scenesolution,外部,base\workspots\player\bar\player__sit_barstool_bar_lean_left__talk__01.workspot
base\quest\testgym\q115_00b_hanako.scenesolution,外部,base\workspots\common\chair\generic__sit_chair__sit_around__04.workspot
base\quest\testgym\q115_00b_hanako.scenesolution,外部,base\workspots\main_characters\hanako\ground\hanako__stand_ground__stand_around__01.workspot
base\quest\testgym\q115_00b_hanako.scenesolution,外部,base\workspots\common\ground\generic__stand_ground__stand_around__05.workspot
base\quest\testgym\q115_00b_hanako.scenesolution,外部,base\workspots\common\bar\generic__stand_bar_lean_front__stand_around__06.workspot
base\quest\testgym\q115_00b_hanako.scenesolution,外部,base\workspots\common\bar\generic__stand_bar_lean_front__stand_around__01.workspot
base\quest\testgym\q115_00b_hanako.scenesolution,外部,base\workspots\main_characters\hanako\ground\hanako__stand_ground_piano__play__01.workspot
base\quest\testgym\q115_00b_hanako.scenesolution,外部,base\workspots\quest\main_quests\part1\q103\q103_15_roadhouse_bar\q103__player__sit_barstool_bar__sit_around__01.workspot
base\quest\testgym\q115_00b_hanako.scenesolution,外部,base\workspots\quest\main_quests\part1\q115\q115_00b_hanako\q115__player__sit_barstool_lean_left__sit_around__01.workspot
base\quest\testgym\q115_00b_hanako.scenesolution,外部,base\workspots\main_characters\johnny\johnny__sit_chair_lean_front__sit_around__01.workspot
base\quest\testgym\q115_00b_hanako.scenesolution,外部,base\workspots\common\ground\generic__stand_ground_window__clean__01.workspot
base\quest\testgym\q115_00b_hanako.scenesolution,外部,base\workspots\common\ground\generic__stand_ground__wait__01.workspot
base\quest\testgym\q115_00b_hanako.scenesolution,外部,base\workspots\common\ground\generic__stand_ground__scared__01.workspot
base\quest\testgym\q115_00b_hanako.scenesolution,外部,base\workspots\main_characters\johnny\johnny__sit_car_lean_right__sit_around__01.workspot
base\quest\testgym\q115_00b_hanako.scenesolution,外部,base\workspots\main_characters\johnny\johnny__sit_chair_lean_back__sit_around__01.workspot
base\quest\testgym\q115_00b_hanako.scenesolution,外部,base\workspots\main_characters\johnny\johnny__stand_ground__aggressive__02.workspot
base\quest\testgym\q115_00b_hanako.scenesolution,外部,base\workspots\main_characters\judy\judy__stand_ground__stand_around__03.workspot
base\quest\testgym\q115_00b_hanako.scenesolution,外部,base\workspots\quest\main_quests\part1\q115\q115_00b_hanako\q115__hanako__sit_barstool_bar__sit_around__01.workspot
